GRKGKHKRKKLP,1
KFLNRFWHWLQLKPGQPMY,1
RRRRRRRRRGPGVTWTPQAWFQWV,1
AEKVDPVKLNLTLSAAAEALTGLGDK,1
GLKKLARLFHKLLKLGC,1
TSPLNIHNGQKL,1
NYTTYKSHFQDR,1
MIIYRIAASHKK,1
RRQRRTSKLMKR,1
SWAQHLSLPPVL,1
GRQLRIAGRRLRRRSR,1
GLLEALAELLEGLRKRLRKFRNKIKEK,1
NYQWRCKNQN,1
KCRKKKRRQRRRKKPVVHLTLRQAGDDFSR,1
EEEAAKKK,1
RIKAERKRMRNRIAASKSRKRKLERIARGC,1
VLGQSGYLMPMR,1
RRKLSQQKEKK,1
GSRVQIRCRFRNSTR,1
YWLKLLKKWLKLWKKLLKLW,1
KLPCRSNTFLNIFRRKKPG,1
CGRKKRRQRRAARPPQ,1
ACRGRGRGCGRGRGRCG,1
RLWMRWYSPTTRRAG,1
GKKKRKLSNRESAKRSR,1
AAVALLPAVLLALLAPSGASGLDKRDYV,1
GWTLNSAGYLLGKINLKAPAALAKKIL,1
ACGRGRGRCRGRGRGCG,1
PPKKSAQCLRYKKPE,1
FFLIPKGRRRRRRRRGC,1
VKRFKKFFRKLKKLV,1
KALKLKLALALLAKLKLA,1
ISFDELLDYYGESGS,1
KLWMRWYSPWTRRYG,1
ACRRSRRGCGRRSRRCG,1
HIQLSPFSQSWR,1
GLGSLLKKAGKKLKQPKSKRKV,1
ASMWERVKSIIKSSLAAASNI,1
RIRMIQNLIKKT,1
QAASRVENYMHR,1
GGAYVTRSSAVRLRSSVPGVRLLQ,1
KWCFRVCYRGICYRRCRGK,1
RRARRPRRLRPAPGR,1
YPRAARRAARR,1
KLALKAALKAWKAAAKLA,1
NKPILVFY,1
DRDRDRDRDR,1
GKYVSLTTPKNPTKRRITPKDV,1
CSSLDEPGRGGFSSESKV,1
RRWFRRWRR,1
RRVWRRYRRQRWCRR,1
NNNAAGRKRKKRT,1
TPKTMTQTYDFS,1
GKRRRRATAKYRSAH,1
RKLTTIFPLNWKYRKALSLG,1
RRRRNRTRRNRRRVRGC,1
RQIKIWFQNRRMKWKKLRKKKKKH,1
GRGDSPRRSPRR,1
WLRRIKAWLRRIKALNRQLGVAA,1
YPYDANHTRSPT,1
GALFLGFLGAAGSTMGAWSQPKKKRKV,1
ACRGRGRRCGSGSRSCG,1
ARRRRCSDRFRNCPADEALCGRRRR,1
RLLRLLLRLWRRLLRLLR,1
KHKLLHLLHLLALLWLHLLHLLKHK,1
PSKRLLHNNLRR,1
RGERLERRELRLERRELRC,1
KRIIQRILSRNS,1
RSVTTEINTLFQTLTSIAEKVDP,1
RQPKIWFPNRRMPWKK,1
VELPPPVELPPPVELPPP,1
MDAQTRRRERRAEKQAQWKAANGC,1
HPGSPFPPEHRP,1
KKKKKKNKKLQQRGD,1
DRRRRGSRPSGAERRRRRAAAA,1
RKKARQRRR,1
KMDSRWRWKSSKK,1
SHAFTWPTYLQL,1
EKGKKIFIMK,1
FAPWDTASFMLG,1
MVKSKIGSWILVLFVAMWSDVGLCKKRPKP,1
RSRGRLRRGAIRLQRG,1
LLKTTELLKTTELLKTTE,1
RKKRRQRRRGGGKLLKLLLKLLLKLLK,1
MIIYRDLISKK,1
KKWKMRRGAGRRRRRRRRR,1
GWTLNSKINLKALAALAKKIL,1
ACSGSGSGCGSGSGSCGRRRRRRRR,1
LLRILRRSIRRARRAIRR,1
GRKKRRQARAPPQC,1
LAQLLAQLLAQLGGGGRRRRRRRRR,1
YSHIATLPFTPT,1
VGALAVVVWLWLWLWAGSGPKKKRKVC,1
RFTFHFRFEFTFHFEGGGRRRRRRR,1
GKKALKLAAKLLKKC,1
KPRSKNPPKKPK,1
LTMPSDLQPVLW,1
RHNFRFFFNFRTNR,1
MLLLTRRRST,1
IRQRRRR,1
CSKSSDYQC,1
SWLPYPWHVPSS,1
GGRRARRRRRR,1
WEAKLAKALAKALAKHLAKALAKALKACEA,1
RLLRLLRRLLRLLRRLLRC,1
RIFIRIGC,1
RRRRRRRQIKILFQNRRMKWKKGGC,1
PIRRRKKLRRLK,1
GSPWGLQHHPPRT,1
TRRSKRRSHRKF,1
CGGGRRRRRRRRRLLLL,1
KWFKIQMQIRRWKNKR,1
LNVPPSWFLSQR,1
YGRKKRRQRRRSVYDFFVWL,1
QRIRKSKISRTL,1
PLSSIFSRIGDP,1
RQIRIWFQNRRMRWRRC,1
RTLVNEYKNTLKFSK,1
YARKARRAARR,1
CIGAVLKVLTTGLPALISWIKRKRQQ,1
AAVLLPVLLAAP,1
AHALCLTERQIKIWFQNRRMKWKKEN,1
CGPGSDDEAAADAQHAAPPKKKRKVGY,1
CNGRCGGKKLKLLKLL,1
CNGRCGGLVTT,1
KALAALLKKWAKLLAALK,1
KCRKKKRRQRRRKKLSECLKRIGDELDS,1
KITLKLAIKAWKLALKAA,1
KLAAALLKKWKKLAAALL,1
KLALQLALQALQAALQLA,1
KRPAATKKAGQAKKKKL,1
LKTLATALTKLAKTLTTL,1
LKTLTETLKELTKTLTEL,1
MANLGYWLLALFVTMWTDVGLCKKRPKP,1
MPKKKPTPIQLNP,1
PKKKRKVALWKTLLKKVLKA,1
RGGRLSSYSRRRFSTSTGR,1
RKSSKPIMEKRRRAR,1
RQARRNRRRALWKTLLKKVLKA,1
RQGAARVTSWLGRQLRIAGKRLEGRSK,1
RRWRRWWRRWWRRWRR,1
RVIRVWFQNKRCKDKK,1
TRRNKRNRIQEQLNRK,1
VQAILRRNWNQYKIQ,1
VRLPPPVRLPPPVRLPPP,1
YGRKKRRQRRRGTSSSSDELSWIIELLEK,1
RRRRRRRGGIYLATALAKWALKQGF,1
IYLATALAKWALKQGFGGRRRRRRR,1
RRRRRRRGGKLAKLAKKLAKLAK,1
KKALLAHALHLLALLALHLAHALKKA,1
KAFAKLAARLYRKALARQLGVAA,1
KLAKLAKKLAKLAKGRKKRRQRRRP,1
KLAKLAKKLAKLAKNYRWRCKNQN,1
NHQQQNPHQPPMLLIILRRRIRKQAHAHSK,1
YKALRISRKLAK,1
HHHHHHESGGGGSPGRRRRRRRRRRR,1
ARRARAARRARAARRARAARRARAARRARA,1
AKKAKAAKKAKAAKKAKAAKKAKAAKKAKA,1
YTFGLKTSFNVQYTFGLKTSFNVQ,1
LSTAADMQGVVTDGMASGLDKDYLKPDD,1
AGYLLGHINLHHLAHLHHILC,1
AGYLLGKINLKKLAKLLLIL,1
GLFKALLKLLKSLWKLLLKAGGC,1
KWFETWFTEWPKKRKGGC,1
CGGMVTVLFRRLRIRRASGPPRVRV,1
PKKKRKVWKLLQQFFGLM,1
KCFQWQRNMRKVRGPPVSCIKR,1
GRGDSPRRKKKKSPRRKKKKSPRR,1
LLKLLKKLLKLLKKLLKLL,1
FLKLLKKFLKLFKKLLKLF,1
IPLVVPLRRRRRRRRC,1
GLFRALLRLLRSLWRLLLRA,1
YARVRRRGPRR,1
CRRLRHLRHHYRRRWHRFRC,1
CLLYWFRRRHRHHRRRHRRC,1
YGRKKRRQRRRAYFNGCSSPTAPLSPMSP,1
YARAAARQARAKALARQLGVAA,1
RIMRILRILKLAR,1
GALFLAFLAAALSLMGLWSQPKKKRKV,1
KLFMALVAFLRFLTIPPTAGILKRWGTI,1
CELAGIGILTVRKKRRQRRR,1
CELAGIGILTVKKKKKQKKK,1
KSTGKANKITITNDKGRLSK,1
KWSFRVSYRGISYRRSRGK,1
KWFRVYRGIYRRRGK,1
KWCFAVCYAGICYAACAGK,1
CTSTTAKRKKRKLK,1
HILPWKWPWWPWRR,1
MRRIRPRPPRLPRPRPRPLPFPRPGGCYPG,1
KHKHKHKHKHKHKHKHKHKKLFKKILKYL,1
RRRQRRKKRGYCKCKYGRKKRRQRRR,1
RQIKIQFQNRRKWKK,1
GNYAHRVGAGAPVWL,1
TVDNPASTTNKDKLFAVRK,1
KIAKLKAKIQKLKQKIAKLK,1
LLIILRRRIRRRARARSR,1
LLHILRRSIRKQAHAIRK,1
LLRHLRRHIRRARRHIRR,1
MAPQRDTVGGRTTPPSWGPAKAQLRNSCA,1
CGRKKRWWRQRWWRWWRPPQ,1
CGRKKRAARQRAARAARPPQ,1
CGRKKRLLRQRLLRLLRPPQ,1
LIKKALAALAKLNI,1
CRKARYRGRKRQR,1
CAYGGQQGGQGGG,1
GKRKKKGKGLGKKRDPCLRKYK,1
FFFFFFGRRRRRRRRGC,1
CHHHHHRRRRRRRRRHHHHHC,1
GLWWKAWWKAWWKSLWWRKRKRKA,1
WWWWRRRRRRRR,1
RRRRWWWWRRRR,1
RWRRWRRWRRWR,1
DSLKSYWYLQKFSWR,1
KLWMRWWSPTTRRYG,1
RLIMRIYAPTTRRYG,1
RLYMRYYSPTTRRYG,1
KRPTMRFRYTWNPMK,1
RGDRGDRRDLRLDRGDLRC,1
RGERGERRELRLERGELRC,1
GGGRRRRRRYGRKKRRQRR,1
YKQSHKKGGKKGSG,1
YRQSHRRGGRRGSG,1
EARPALLTSRLRFIPK,1
GRKKRRQRRRMVSAL,1
TPWWRLWTKWHHKRRDLPRKPEGC,1
YSSYSAPVSSSLSVRRSYSSSSGS,1
CSIPPEVKFNKPFVYLI,1
DITYRFRGPDWL,1
KHHWHHVRLPPPVRLPPPGNHHHHHH,1
RKKRRRESWVHLPPPVHLPPPGGHHHHHH,1
FFKKLALHALHLLALLWLHLAHLALKK,1
CASGQQGLLKLC,1
RGDGPRRRPRKRRGR,1
RRRQKRIVVRRRLIR,1
LLRARWRRRRSRRFR,1
RGPRRQPRRHRRPRR,1
RRWRRWNRFNRRRCR,1
MAARLCCQLDPARDVLCLRP,1
RHHRRHHRRHRRHHRRHHRHHR,1
RLHHRLHRRLHRLHRRLHRLHHRLHRRLH,1
LRHLLRHLLRHLRHLLRHLRHLLRHLLRH,1
LHHLLHHLLHLLHHLLHHLHHL,1
RLHLRLHLRHLRHHLRLH,1
AEAEAEAEAKAKAKAKAGGGHRRRRRRR,1
FQFNFQFNGGGHRRRRRRR,1
KLLKLLLKLWKKLLKLLKGGGRRRRRRR,1
HRLRHALAHLLHKLKHLLHALAHRLRH,1
HALAHKLKHLLHRLRHLLHRHLRHALAH,1
RLALRLALRALRAALRLA,1
GWTLNSAGYLLGKFLPLILRKIVTAL,1
KIAAKSIAKIWKSILKIA,1
KLALKLALKWAKLALKAA,1
KLLAKAAKKWLLLALKAA,1
KALKKLLAKWLAAAKALL,1
KLGLKLGLKGLKGGLKLG,1
ELALELALEALEAALELA,1
LLKTTALLKTTALLKTTA,1
KCGCRWRWKCGCKK,1
KMDCRPRPKCCKK,1
GRPRESGKKRKRKRLKP,1
RKKRRRESRRARRSPRHL,1
SRRARRSPRESGKKRKRKR,1
VKRGLKLRHVRPRVTRMDV,1
SRRARRSPRHLGSG,1
VNADIKATTVFGGKYVSLTTP,1
GDVYADAAPDLFDFLDSSVTTARTINA,1
ADVFDRGGPYLQRGVADLVPTATLLDTYSP,1
LDTYSPELFCTIRNFYDADRPDRGAAA,1
HHHHHHTKRRITPKDVIDVRSVTTEINT,1
KNAWKHSSCHHRHQI,1
RVREWWYTITLKQES,1
QQHLLIAINGYPRYN,1
KSHAHAQKRIRRRLIILL,1
GRQLRRAGRRLRGRSR,1
KLIKGRTPIKFGKADCDRPPKHSQNGMGK,1
KSICKTIPSNKPKKK,1
DRDDRDDRDDRDDRDDR,1
ERERERERERERER,1
WRWRWRWRWRWRWR,1
FVTRGCPRRLVARLIRVMVPRR,1
RVRILARFLRTRV,1
VIRVHFRLPVRTV,1
GTKMIFVGIKKKEERADLIAYLKKA,1
TRRQRTRRARRNRGC,1
KMTRAQRRAAARRNRWTARGC,1
KLTRAQRRAAARKNKRNTRGC,1
TAKTRYKARRAELIAERRGC,1
KRRIRRERNKMAAAKSRNRRRELTDTGC,1
KRARNTEAARRSRARKLQRMKQGC,1
KCFMWQEMLNKAGVPKLRCARK,1
GLWWRLWWRLRSWFRLWFRA,1
PSSSSSSRIGDP,1
ALWMTLLKKVLKAAAKAALNAVLVGANA,1
ALWKTLLKKVLKAPKKKRKV,1
EEEAAGRKRKKRT,1
FFFAAGRKRKKRT,1
YYYAAGRKRKKRT,1
GKKKKRKREKL,1
FLGKKFKKYFLQLLK,1
FLIFIRVICIVIAKLKANLMCKT,1
YIVLRRRRKRVNTKRS,1
KTVLLRKLLKLLVRKI,1
LLKKRKVVRLIKFLLK,1
KKICTRKPRFMSAWAQ,1
RGGRLAYLRRRWAVLGR,1
MANLGCWMLVLFVATWSDLGLCKKRPKP,1
GRRRRRRRRRPPQ,1
CVQWSLLRGYQPC,1
VHLPPPVHLPPPVHLPPP,1
VKLPPPVKLPPPVKLPPP,1
DPKGDPKGVTVTVTVTVTGKGDPKPD,1
GSGKKGGKKHCQKY,1
IAWVKAFIRKLRKGPLG,1
RLSGMNEVLSFRWL,1
AAVALLPAVLLALLAPVQRKRQKLMP,1
MGLGLHLLVLAAALQGAWSQPKKKRKV,1
WEAALAEALAEALAEHLAEALAEALEALAA,1
GLFEALLELLESLWELLLEA,1
CGAYDLRRRERQSRLRRRERQSR,1
RKKRRRESRKKRRRESC,1
DPVDTPNPTRRKPGK,1
KRVSRNKSEKKRR,1
GRRHHCRSKAKRSRHH,1
GKRVAKRKLIEQNRERRR,1
GRKLKKKKNEKEDKRPRT,1
GKKTNLFSALIKKKKTA,1
GRRRRKRLSHRT,1
GKHRHERGHHRDRRER,1
MIIYRALISHKK,1
MIIFRAAASHKK,1
MIIFRIAAYHKK,1
LIIFRILISHKK,1
RILQQLLFIHFRIGCRHSRI,1
GYGRKKRRGRRRTHRLPRRRRRR,1
KRIHPRLTRSIR,1
PPRLRKRRQLNM,1
RQRSRRRPLNIR,1
SRRKRQRSNMRI,1
HRHIRRQSLIML,1
SMLKRNHSTSNR,1
SPMQKTMNLPPM,1
NKRILIRIMTRP,1
PNTRVRPDVSF,1
LTRNYEAWVPTP,1
SAETVESCLAKSH,1
SYIQRTPSTTLP,1
AVPAENALNNPF,1
SFHQFARATLAS,1
QSPTDFTFPNPL,1
HFAAWGGWSLVH,1
FQPYDHPAEVSY,1
FDPFFWKYSPRD,1
FTYKNFFWLPEL,1
SATGAPWKMWVR,1
SLGWMLPFSPPF,1
SHNWLPLWPLRP,1
SWWTPWHVHSES,1
SSSIFPPWLSFF,1
LDITPFLSLTLP,1
LPHPVLHMGPLR,1
VSKQPYYMWNGN,1
AIPNNQLGFPFK,1
NIENSTLATPLS,1
DPATNPGPHFPR,1
TLPSPLALLTVH,1
TSHTDAPPARSP,1
MTPSSLSTLPWP,1
QPIIITSPYLPS,1
NSGTMQSASRAT,1
HQHKPPPLTNNW,1
SNPWDSLLSVST,1
KTIEAHPPYYAS,1
EPDNWSLDFPRR,1
GLWRALWRALWRSLWKLKRKV,1
GLWRALWRLLRSLWRLLWSQPKKKRKV,1
YAREARRAARR,1
YGRRARRRARR,1
GEQIAQLIAGYIDIILKKKKSK,1
AAVALLPAVLLALLAPRKKRRQRRRPPQC,1
RKKRRQRRRPPQCAAVALLPAVLLALLAP,1
RRRQRRKRGGDIMGEWGNEIFGAIAGFLG,1
YGRKKRRQRRRGCYGRKKRRQRRRG,1
RLWRALPRVLRRLLRP,1
KETWWETWWTEWSQPGRKKRRQRRRPPQ,1
LGLLLRHLRHHSNLLANI,1
KLWSAWPSLWSSLWKP,1
YRFKYRFKYRLFK,1
WRFKWRFKWRFK,1
RVIRWFQNKRSKDKK,1
CWKKKKKKKKKKKKKKKKKK,1
AAVALLPAVLLALLAKKNNLKDCGLF,1
GRKKRRQRRRPPQTYADFIASGRTGRRNAI,1
RRRRRRRRRRRTYADFIASGRTGRRNAI,1
TRQARRNRRRRWRERQRGC,1
CLLIILRRRIRKQAHAHSKNHQQQNPHQPPM,1
EEEEEEEEEEPLGLAGVSRRRRRRGGRRRR,1
ARRRAARAARRRAARAARRRAARAARRRAARA,1
RARARARARARARARARARARARARARARARA,1
RQIKIWFQNRRMKWKKRQIKIWFQNRRMKWK,1
TAMRAVDKLLLHLKKLFREGQFNRNFESIIICRDRT,1
HHHHHHHHHHHHHHHHHHHHRRRRRRRRRRRRRRR,1
DAATARGRGRSAASRPTERPRAPARSASRPRRPVD,1
CRQIKIWFQNRRMKWKKKLAKLAKKLAKLAK,1
ISFRRRRRRRRELLDYYSSSSSESGS,1
ISFRRRRRRRREWLQAYSSSSSEDE,1
PKKKRKVRRRRRRRYSQTSHKLVQLLTTAEQQ,1
PKKKRKVRRRRRRRPQMQQNVFQYPGAGMVPQGEANF,1
LKRWGTIKKSKAINVLRGFRKEIGRMLNILNRRRR,1
CREKAKKLFKKILKKL,1
ACSGRGSGCGSGRGSCG,1
ACRGSGRGCGRGSGRCG,1
ACRGRRRGCGRRRGRCG,1
ACRDRFRRCPADERLCG,1
ARRRRCSGSGSGCGSGSGSCGRRRR,1
ACSHSGHGCGHGSHSCGRRRRRRRR,1
ACHGRRWGCGRHRGRCG,1
WELVVLGKLYGRKKRRQRRR,1
RLRLRLRLRLRLRLRLKRLKRLKRLKRLKKKKKKKGYK,1
RLRLRLRLRLRLRLRLKNNKNNKNNKNNKKKKKKKGYK,1
GYGYGYGYGYGYGYGYKKRKKRKKRKKRKQQKQQKRRK,1
ALALALALALALALALKIKKIKKIKKIKKLAKLAKKIK,1
LALALALALALALALAKKLKKLKKLKKLKKLKKLKYAK,1
IKIKIKIKIKIKIKIKKLAKLAKLAKLAKLAKLAKKIK,1
LALALALALALALAKLAKLAKLAKLAKIKKIKKKIK,1
LILILILILILILILIKRKKRKKRKKRKKRAKRAKHSK,1
LKKLCKLLKKLCKLAG,1
VTPHHVLVDEYTGEWVDSQFK,1
HEHEHEHEHEPEGPLA,1
RGRGRGRGRGPEGPLA,1
GGVCPKILKKCRRDSDCPGACICRGNGYCGSGSD,1
GRCTKSIPPICFPD,1
GRCTRSIPPKCWPD,1
WEARLARALARALARHLARALARALRACEA,1
HSDAVFTDNYTALRKQMAVKKYLNSILNYGRKKRRQRRR,1
YGDCLPHLKLCKENKDCCSKKCKRRGTNIEKRCR,1
MAMPGEPRRANVMAHKLEPASLQLRNSCA,1
CGNVVRQGCGYGRKKRRQRRRGTALDWSWLQTE,1
KKWALLALALHHLAHLALHLALALKKAHHHHHH,1
HSDGIFTDSYSRYRKQMAVKKYLAAVLGKRYKQRVKNK,1
YGRKKRRQRRRGLFGAIAGFIENGWEGMIDGWYG,1
RHHLRHLRRHLRHLLRHLRHHLRHLRRHLRHLL,1
CGGGARKKAAKAARKKAAKAARKKAAKAARKKAAKA,1
GGGGRRWWRRWRR,1
GLGDKFGESIVNANTVLDDLNSRMPQSRHDIQQL,1
ARTINAQQAELDSALLAAAGFGNTTADVFDRG,1
KRIPNKKPGKKTTTKPTKKPTIKTTKKDLKPQTTKPK,1
MVRRFLVTLRIRRACGPPRVRVFVVHIPRLTGEWAAP,1
FRVPLRIRPCVVAPRLVMVRHTFGRIARWVAGPLETR,1
AKVKDEPQRRSARLSAKPAPPKPEPKPKKAPAKK,1
LLGDFFRKSKEKIGKEFKRIVQRIKDFLRNLVPRTESC,1
KKKKKKGGFLGFWRGENGRKTRSAYERMCILKGK,1
AVPAKKRKSV,1
GRKKRRQRRRPPQGRKKRRQRRRPPQGRKKRRQRRRPPQ,1
LLETLLKPFQCRICMRNFSTRQARRNHRRRHRR,1
RQIKIWFQNRRMKWKKDIMGEWGNEIFGAIAGFLG,1
SGRGKQGGKARAKAKTRSSRAGLQFPVGRVHRLLRKGC,1
KGSKKAVTKAQKKDGKKRKRSRKESYSVYVYKVLKQ,1
RGSRRAVTRAQRRDGRRRRRSRRESYSVYVYRVLRQ,1
GLPVCGETCVGGTCNTPGCKCSWPVCTRN,1
RQIKIWFQNRRMKWKKTYADFIASGRTGRRNAI,1
AGYLLGKINLKALAALAKKILTYADFIASGRTGRRNAI,1
AAAAARRRIRKQAHAHSK,1
CGNKRTRGC,1
CIISRDLISH,1
CRFRFKCCKK,1
CRFRWKCCKK,1
CRWRFKCCKK,1
CRWRWKCSKK,1
FIIFRIAASHKK,1
FKKFRKF,1
GKRKKKGKLGKKRPRSR,1
GLWRALWRGLRSLWKKKRKV,1
GRKKRRQPPQC,1
GRRRRRERNK,1
KCCKWRWRCK,1
KCPSRRPKR,1
KLLAKAALKWLLKALKAA,1
KLWMRWYSATTRRYG,1
KMDCRWRPKCCKK,1
KMDRWRWKKK,1
LIIFRILISHHH,1
LIIFRILISHRR,1
MIAYRDLIS,1
MIIARDLIS,1
MIIFAIAASHKK,1
MIIFKIAASHKK,1
MIIFRDLISH,1
MIIRRDLISE,1
MIIYADLIS,1
MIIYARRAEE,1
MIIYRAEISH,1
MIIYRDAIS,1
RIFIGC,1
RIFIHFRIGC,1
RKARRQRRR,1
RKKRAQRRR,1
RKKRRARRR,1
RLFMRFYSPTTRRYG,1
RLLMRLYSPTTRRYG,1
RLVMRVYSPTTRRYG,1
RLWARWYSPTTRRYG,1
RLWMRAYSPTTRRYG,1
RLWMRWASPTTRRYG,1
RLWMRWYAPTTRRYG,1
RLWMRWYSPATRRYG,1
RNRSRHRR,1
RQIKIFFQNRRMKFKK,1
RQIKIWFQNMRRKWKK,1
RRIPNRRPRR,1
RRLSYSRRRF,1
SKKKKTKV,1
SRWRWKSCKK,1
VKRKKKPALWKTLLKKVLKA,1
WIIFRALISHKK,1
WIIFRIAATHKK,1
WRFKAAVALLPAVLLALLAP,1
WRFKKSKRKV,1
YGRRARRAARR,1
YRRAARRAARA,1
YTAIAWVKAFIRKLRK,1
KLAKLAKKLAKLAKGGRRRRRRR,1
WRWKKKKA,1
CRNGRGPDC,1
CRGDKGDPC,1
NYQRRCKNQN,1
NYRRRCKNQN,1
RPARPAR,1
RKKWFW,1
AAAWFW,1
RKKAAA,1
KETWWETWWTEWSQPKKKRKVC,1
KFFKFFKFFK,1
CRGDKGPDC,1
CHHRRRRHHC,1
GALFLGWLGAAGSTMGAPKSKRKVGGC,1
MVTVLFKRLRIRRACGPPRVKV,1
GRGDGPRRKKKKGPRRKKKKGPRR,1
LCLRPVG,1
YGRKKRRQRRRQRRRPTAPLSPMSP,1
YGRGGRRGRRR,1
ACRGRGRGCGSGSGSCG,1
ACSDRFRNCPADEALCGRRRRRRRR,1
HEHEHEHEHEHEHEHEEFGGGGGYGRRRRRRGGGGGG,1
KRKRWHW,1
CARSKNKDC,1
CHAIYPRH,1
RRGRRG,1
CCTGRKKRRQRRR,1
RKKRRQRRRHRRKKR,1
CGRKKRWWRQRRRPPQ,1
CGRKKRRQRWWRRPPQ,1
RRRRRRRRRRRRRRRRGC,1
YGRKKRPQRRR,1
RLWMRWYSPRTRAYG,1
WKCRRQAFRVLHHWN,1
WKARRQCFRVLHHWN,1
YGRKKRRQRRTALDASALQTE,1
RGDRLDRRDLRLDRRDLRC,1
LKKLAELAHKLLKLG,1
GLPRRRRRRRRR,1
KHKALHALHLLALLWLHLAHLAKHK,1
NTCTWLKYHS,1
YNNFAYSVFL,1
ECYPKKGQDP,1
RHVYHVLLSQ,1
YRDRFAFQPH,1
IWRYSLASQQ,1
YQKQAKIMCS,1
VQLRRRWC,1
NTGTWLKYHS,1
NRHFRFFFNFTNR,1
FTFHFTFHF,1
FHFHFRFR,1
NKSMKTLRLNNVTLEMAAYQEESEPKR,0
VTLLLAYRSPLCRDTKPMYRP,0
DWTAWSALVAAACSVELL,0
SLDELAAASAASTEAALDALLEQPPVEEAFV,0
MCWTHKIQRDKFECEFWRP,0
GYNPMQDPNFHTMGQ,0
GLLSTAAGVQRASAKSTLAIV,0
ADASAGPAMTAEQCAQAIANGREV,0
VMGNRSHVDQRPVKTTDTSSETQQYFRMAMISDIT,0
NTFTEALNPPFKEMLS,0
PPVGVQAVALTHEAVRVSWADNSVPKNQKTSD,0
RIVYVCSSLLAVLLTV,0
DVDGFPTSQATSPEPGKKDEEAKAPFKSTLFH,0
TTVAEICQFVKPATH,0
GDKYPAPSGVPQHMCPNEAMPDCSAESS,0
VLSHNNESSYSDTSSCTSQ,0
FLRFIGSVIHGIGHLVHHIGVAL,0
CLGSGEQCVRDTSCCSMSCTNNICF,0
FPCKADICTDVS,0
ESPDKYEGFILGMK,0
CLRIGMRGRELMGGIGKTM,0
TCTLGTCYTAGCSCSWPVCTRNGVPICGE,0
MNKAYFCGCMCLSDKLQ,0
FLPVILPVIGKLLNGILGK,0
REGSWDLGVEWFPMLENPVKTQISV,0
IKIMDILAKLGKVLAHVG,0
LAKRADICQPGKTSQRACET,0
GLLDFVTGVGKDIFAQLIKQI,0
GLFGKLIKKFGRKAISYAVKKARGKH,0
KGTLHNECPEMFPELERFLWTNK,0
PSCVCSGFETSGIHFC,0
AAPGGKTTHILEVAPEAQVV,0
GRRKRKWLRRIGKGVKIIGGAALDHL,0
NKIEITSIDECFIDATD,0
GNTAWNGNEAFLLVICIKYILDIIGYKNMSLSKE,0
KQSVQDGYFVGPRGSIGSSLVANLIGI,0
DDLRINLWNFEITNQSFNIADIKPANMEELTE,0
QGVNDNEEGFFSAR,0
EQTNMRKHMGM,0
DYDVMLFFIWDYP,0
ANSGKQDLRSTVAMQYDQTTTFAAKLK,0
QVRERVFQQALQGA,0
SWEQRNCQMLMNVCNVNRRKGCLGGGRK,0
KLVGQHNVANVLVVLALLTCAGIDYRKGLSALKS,0
MQFITDLIKKAVDFFKGLFGNK,0
GRGILPTPS,0
GIVEQCCTSICSLYQLENYCN,0
CQTRYNLAPNAWAKV,0
DFREVSIGELTI,0
LDRQLSWNQTEWWRLCPFQ,0
IKNQAGDE,0
ADTIYPFTQAENVWLPNKNDIIEK,0
GKLGWMITKRRIELTMYSHYR,0
AYDYETPRNDP,0
AEPGADDAEEVEQKQLQ,0
AFDHYGFTGGL,0
PATRTLISYVLKFQILKA,0
RWCKDGGVDNAQKKCVFMHYF,0
TVPQGGMEMWLLYLLVPAMFCRAGG,0
DQLAAADKKDSNLIGQFGVGFYS,0
VIQQKTQFPIDKSPQQIPMMYGVEWPMWN,0
GMDIRFHTL,0
PADWRGCKPSCPWGSSSWCNEECT,0
LNNVERSMWKWLKVACKECCYACVH,0
GLFTLIKCAYQLIAPTVACN,0
LKWGYMTAMESHA,0
FVSRHLCGSNLVETLYSVCQDDGFFYIPKD,0
FLPFLAKILTGVL,0
LRFGLYL,0
GFMFAPKFHPAMRYAGPVRREIGIRTIFNV,0
EGVEMVKKNLEKWL,0
ILWILVLNAIVGVWQESNAEKALEALK,0
DGNNLYC,0
ADSTNHLSNRTGVFCVV,0
YISPEVLKSQGGDGYYGRE,0
VVRYARPG,0
APPPPAPCFSQVAS,0
RYRNIEPQAINEVEVIEEA,0
PRRSDAPQLRDEYRTYKLLAGCTGIPNVYY,0
GRMLLI,0
APNVGALHNVLGRLRTAGKYHWVKD,0
KSSAYSLQMGATAIKQVKKLFKKWGW,0
GSSSMATVCGSSLALMHAGVP,0
IPDHAFAVKTLLEKLTSHEIIQSLDEIE,0
EVRAGDIAAAVGLKEATTGDTLCDPGKVII,0
YLHATLFLIGEYLHLAFYY,0
SDQVEDIA,0
DYVKHSDTFQDTREAT,0
VDKPDYRPRPWPRPNM,0
FAVDNGY,0
ALPKKLKYLNLFNDGFNYMGVV,0
LAAAAAAKAARLAEKAMQASIESTGNL,0
FLPVLAGIAAKVVPALFCKITKKC,0
HSCVCRRICAARQVRKGRCSRRRRICCLY,0
GRILSFIKGLAEHL,0
KGPHTLPKCMYPIYGSSLYKGEHYHAWFPPQLY,0
FFNDLVEFMTSGPVVVMVLEGENAVAKNRELM,0
ELGQPMHAFDLET,0
AREENLGITKDFLTFMKRLFCNPIYMLFIL,0
THPRKFYLVIGEQWSANCGFSLGNTMMEVPFEYMWP,0
PKRKSATKGDEPA,0
ARLRITLSATHDDDALDALL,0
IPFVLNLDSPDSMYYGHDMFPNRMYRRLHS,0
VRAAKLLQRE,0
TPLEAIASSLTELFAPNLHE,0
VFDKYHLLPRHISQLYEMFLEG,0
EVILEGEDV,0
RSAVGRHGRRFGLRKHRKH,0
DGKLYKMTHFRWSEGS,0
EEKMGFAKKCCAIGCSTEDFRMVC,0
AKWKEDVIKLCSRELVRTQIAICG,0
CGETCVVDTRCYTKKCSCAWPVCMRNSLAG,0
NDSRHCRLLEGGLNEVNAQTVFQLQFFNYRNE,0
FNVWTEYEGNRAEFH,0
SPVDYDRPIMAFG,0
SYCGHGIHKLFHTAPNVPHYAKNKAVGVM,0
KSGQYFLPQFNTRKISIENY,0
LHKWDVQGYNDP,0
ESLYPGKGIKNAGREVEVIYV,0
ACLGEG,0
LFGFLIKLIPSLFGALSNIGRNRNQ,0
IVFYLLGSWFLS,0
GKYNLSLLSTEEEIEIIKLLAAWTKTLEASVKYF,0
DFHAVIGQETRAQA,0
PGCNEISNKLLIKFFATPH,0
FLSFLLGPLIDLISKG,0
CCSQDCLVCIPCCPN,0
PSSTASSSLTSSPCSSPVLTKRLLGSSAS,0
DMTTKFMTDPVRVLVKRDELTLEGIKQYFIAVEK,0
AWQCYKCRQDICWQSSKIN,0
LGAWLAGKVAGTVATYAWNRYV,0
KSPYSIDVNLLGRSI,0
RGGRLCYCRRRFCVCVGR,0
GSDRVSNSDFVTM,0
FFGTALKIAANVLPTAICKILKKC,0
KNRGTPKDE,0
ACHAHCQSVGRRGGYCGNFRMTCYCY,0
LPAAFRLAAKIVPTVFCAISKKC,0
FFPNVASVPGQVLLKKIFCAISKKC,0
MITGAAQMDGAILVVSGADGP,0
PARVRPGEIVSTAGEVLGRHDGVH,0
IIGAIAAALPHVINAIKNTFG,0
FFHHIFRGIVHVGKTIHKLVTGG,0
SMLSVLKNLGKVGLGFVACKINKQC,0
NALQNC,0
FTMKKSLFLILFLGAIPLSMC,0
VCYDPEREGVYDESNIHELRTIKLNDLDIN,0
PLLEEYYDPMYRYQL,0
EKLLGQLRTDLTMNKIIVGLSGGVDSSTAAAILH,0
SGYLPGKEYVYKYKGKVF,0
ARSILSKSSSKGGSSN,0
MVGFPYWKAYDLVMWGLMRH,0
PRRTNPDRDNKQPGWPGL,0
DWFNLIQYDMFWDLADCES,0
EYGFKTYAVLGGATG,0
SMEKWNVICHNTHGERPTYKQMKDKKMNIKFR,0
RMETSTVLKDLKPETEYVVNVYSVVEDEYSEP,0
GAVESAAAQPVSTIV,0
QCVGTITLDQSDDLFDLNCNELQSVR,0
DAKWHMKGINN,0
YKMFMVAAPKVPVKRGCIDACPKNSLLVKY,0
LQDISRAGKNVFRNV,0
TMDKAFMICVEISWGIFN,0
EIDELVGLVNERGKVTLSYASIEEI,0
KRRHWFPLSFQEFLEQLRRFRDQLPFP,0
HQKKHIEEMENLTVKDQQRMMYCTPCNNKEYWVATYLM,0
SEGIIIWITYIYHN,0
QVHIWRRSYDISPPDLDPQDPNSAHN,0
MGHIVTKDKQ,0
VGYLSASIEWAWRTGDPEAWRKWWNDP,0
TRGSTDDISIVIIQLQQFSRMSREEDEKLLFP,0
KRDYNADIVADIRKVKRGDTCPRCKK,0
FLSTIWNGIKSLL,0
SPYENYKCEYQMPRWLEDE,0
PDKMRWDKCRYYHDRYTTT,0
EDMAPAGAGALMAMLEKRRAAL,0
ILPEGFELAPP,0
VDATGDIDIDFHHTVEDIGIVLGQALKEALG,0
ADDDIPFMSDYDETALVCDN,0
APGHINPFIGFTAILCIAIGAGASGAL,0
PVADIKAIVTGKDCPHMKEKSA,0
RCCKFPCPDSCRYLCC,0
VYIDRKAIDRPALDHLYALLEETDLPVLGEK,0
MWHRNRGDGGRPETSSGRRRRLR,0
VRANRHMRLWNLFYSGKM,0
QHTRDASIQVLGIAQQAANVAATARG,0
ANQYFGTAPFYRKRKAFETPSSGKMTHVRFDYSK,0
DCSTFLRTSETGIVDQVMVTLNQEGYKFCKIRVR,0
MMVKEELDFSETQIKRN,0
SGWNAYIDTMTAAAP,0
VDKLADTVKTTIGPKGRNVVLEQSYGNP,0
ARCENFADSYRQPPISSSQT,0
DCCHNTQLPFIYKTCPEGCNL,0
GHDFDQDDVNSSGEKDESLVRI,0
VDMGKPSFNPADIL,0
VIAEDDLVDSCKPGDRV,0
SGFVLKGYTKTSQ,0
EIEAPQAVLPN,0
YFTTVGRALSSNLVPLWDSATGKAASFVTSFSF,0
VAARHPGLEE,0
CVMFLSFTMHLMFGSCLEWWVNL,0
SLHRNDITICC,0
CYVQLFTRDKAVTENKYNFKIVQWYPMV,0
KQEIKRHKLEQPSLLGQFKEADTAS,0
VTTSSDPVIQELAEKDE,0
EGLLSEMLPQHAAKMNLML,0
KLEVANDALGALRLKLGKELNLIDESL,0
QSERFEQQMQGQDFSHDERFLSQAA,0
GIGKFLKKAKKGIGAVLKVLTTGL,0
YGGFMKPYTKQSHKPLITLLKHITLKNEQ,0
KKKQYTSIHHGVVEVD,0
ILHTLNLPLDMLAPYLDAKL,0
LKLKDILGKIKVILSHLNK,0
ARAVLYLAQGTFGECDSEVDVLHWSRYN,0
ALCCYGYRFCCPNFR,0
LKKYWDNGMTSLGSVCREKIEAVAT,0
LEEAGILRAGPGGPDQQWPTVSSAT,0
MHQEYLQGLATNAGHPMSLTHHQWLPNPASDW,0
GIFSTVFKAGKGIVCGLTGLC,0
IWRTCQDWWEIFEGW,0
PVMSMPCTDG,0
ADLEKLTGKQVQLNILEV,0
ERGLLHSSQLPLDVYDLTMP,0
LSITEWRPVTGAVPPMSEAEWQ,0
YIEVKTGGVTLILTKRIYAYLQHQGSNF,0
TIGDAIEAIENGVPIDMVQIDLTRTW,0
CSFWIGHEPSNIFSNTNETTFSCH,0
LLNIEV,0
GQLELFSKMSR,0
AHQIEPICIGSLETPTSTANVVLCMAKPLSISS,0
LPRVMCCPGVSLMRFMQ,0
ESIFGVKVDKVNIMNYKGKSKRVGRYTGMTSR,0
AYIFHPRKRPKENWMVAHDRDC,0
DSEEAIRYRQEVYVRETSPLIEVYRERGLLVEV,0
DLGADSLDTVELVMAFEEE,0
GDRDGNPYVTAQVTKEVLDHGRWMALDLYGRDL,0
SDVFFRPGSIEA,0
NMFNQLVRKYLRQGYYGNKVILGHHPDN,0
ADVPVFYLPYFNFP,0
FLGGILNTITGLL,0
EDFLQAMEYAMPPTGGLGMGVDRVVMMITGRSIR,0
CFKKDMHKVETYL,0
DFDMLRCMLGRVYRPCWQV,0
DIILPDGSVKQY,0
PAQPFRIKKRQGPFERP,0
ANHSFM,0
FPPPGESAVDMSFFYALSNP,0
PTTPSTPAKSAQSSKHARRPSKQASAPSSPGTTS,0
FLGALIKGAIHGGRFIHGMIQNHHG,0
VTMSTEEFFYDADTNTKLLPDWESLSHPSYIMY,0
TGWERFPSYVRDFGYSGGLQ,0
GILDVAKTLVGKLRNVLGI,0
MGMRLPNIIFL,0
RAGIPEAFVSLG,0
GFFTLIKAANKLINKTVNKEAGKGGLEIMA,0
RGKQLHAAVHSLQSFDRAMDQFLAFLSETETLC,0
TAEALRCQENYLPSPCQ,0
NSASIAAILTIIGY,0
MMDDGTEPNVATVL,0
PMIKFVIMNQCLVGFPLCLHKCPVFAH,0
RKYVMGHFRWDRFGRRNSSSSGSSGAGQKR,0
DTEPFNIKREESPDCPDRLMHGRW,0
SAMRLCLPSFDKLELLECI,0
GKLQAFLAKMKEIAAQTL,0
VWTLTVYSIWMSVEDHIGY,0
VALQQKQRSALFVAQMAKSLGAQGAIVAEEGYGN,0
ILSDSYNPDICVA,0
RAEELAKLFAHTGSIQALGMDELEGHE,0
LNDALSQLVGQQV,0
TAIQLQP,0
SVLSTITDMAKAAGRAALNAITGLVNQGEQ,0
KLSPSLGPVSKGKLLAGQR,0
RERKVRGLQLRLLFLVGTASNP,0
MYEGSYMSAMKPIDH,0
YEKERNENAKHYQPMFMRSWH,0
TILVHSAWAKE,0
AVLDFIKAAGKGLVTNIMEKVG,0
GHHPHGHHPHGHHPHGHHHPH,0
VYVPRYIANLY,0
SLGPAIKATRQVCPKATRFVTVSCKKSDCQ,0
APFFVKYGN,0
FMGGLIKAATKIVPAAYCAITKKC,0
NDYMEHMCQGAFILMRAVHRM,0
EVQLNKLFIPTQ,0
PAKGSVGASGDLAPLAHLSLTL,0
LRQAKWIKPKVNQPSLCFN,0
PEGHELCRPEAVEAEATLRAITIASA,0
FKAPYNIHWHCKPGLLC,0
MKYLHDQWLTPEFRYYWIKVSWTLWKFSHKLSEMIL,0
IRPRPTARPPYINRPPNPFKPRW,0
PERGLWENIAYLDFRCHPADTKVIVKGKGV,0
RCICTTRTCRFPYRRLGTCIFQNRVYTFCC,0
KPNPERFYAPM,0
KEASKATQLPWFAIGGI,0
FLGMIPGLIGGLISAFK,0
DLQDIIAI,0
KCQHRTPWKSFHKMFCQ,0
KALLIKQNLKEGITVDQQDLFAYEKYKLLEFYAW,0
MHSSALLCCLVLLT,0
HQCANHKKKIMMWSQKLNDLHRYDLWGGICSDAMMQLSP,0
PWGYIHHPVIFGFFSLDAEFRTFPKC,0
LSKRHQDPAS,0
MRHRNRVKKLGK,0
ASCEYTQTTSRH,0
NHKNFNKQAYPLWKNQV,0
KQVFSKTSGEFLRVAHREHTSHGYLARVISS,0
AWLDKLKSLGKVVGKVALGVAQNYLNPQQ,0
HITSHGKYQIHPFHL,0
TGCRSVCSHVVRNGDITFILTSPLRS,0
TQRLANFLIHSSNNFGAIFSPPN,0
MPDTHLKG,0
YNPWDP,0
CRDRCVWQTTCVTCGNPAVKDQ,0
MNFLLSWVHWTLALLLYLHHAKW,0
DNNEINLNIKVTDFGLAV,0
SELCKLYDYCP,0
DCCPAKLLCCNP,0
ATLGNLALPFLARNT,0
GRVRDQIMLSLGG,0
IWWEEVSKRTGCRGYEI,0
TFSLPRSLLDSMTVAVD,0
GHTTCTPTSYENKYWYRYEQEPADDE,0
NTWVNKEVPWELKMN,0
LHMEDSLKHRVVGQDH,0
KKAVRRQEAVDAL,0
GWKSVFRKAKKVGKTVGGLALDHYLG,0
GVLSNVIGYLKKLGTGALNAVLKQ,0
YGGFIGIRKSARKWNNQ,0
LRHWTPAEIRIPIYVMIIASVVSAVQMLINAYAF,0
GLWQKIKNAAGDLASGIVEGIKS,0
IAFSMHPGCWGHYKFLTWLDHQYKIQLQT,0
PRKQRRERTTFTRAQLDILEALFAKTRYPDIFMR,0
MTLHEAGTSMKSF,0
YYFCMEEWQLERSLMWWNYKPLNKNMRN,0
ESHINQKWVCK,0
AWICGNMTCGHANMPYMAIYGFAVLSW,0
SMMRGVYSWFGCQWHNML,0
PFFAFHDRDIAPEGSTLKETNQNLDIIVGMI,0
GGQMPLYRRLPKFGFTSRKAMIT,0
ARGGSSI,0
RVIASSDLVWP,0
HMYLAFPGGVHRA,0
GQGFDDMMSICYIAMLC,0
AEIMQPPLLNGFRPRRDLCVIRDRGCAPIAWHLVWT,0
CKSKGAKCSKLMYDCCSGSCSGTVGRC,0
QVEAHRLHSIRDNQ,0
KKHTLGEVWVQKTSEMNTD,0
HDHHLPEGNGEIMYKLIWCKKEANPGE,0
WIIQVKVAIKKHL,0
RHYYRGQSQPQW,0
THIPNAWQEPQVVYKMKLRNVSKNN,0
CLAITLYDDKTPASDPTICTY,0
VGECVRGRCPSGMCCSQFGYCGKGPKYCGR,0
RELAKAEKLSLEEGGKDARGLLSGLRRRKRPLSW,0
LNGNELERLAVGGDRVRKLSRR,0
LVCAMIPMQTHFSR,0
FLSLLPSIVSGAVSLAKKLG,0
DAFQHVQFNHLTVYNIDHYFS,0
AYFKFQENRPPFPPEDWVMFLGL,0
CSSCFCLCCPRHRPVSRLAAVVGGAAAV,0
FVPLLVSKLVCVVTKKC,0
GTTPGYSYSAANKNMAVIWGENTLYDYL,0
KRYPELV,0
TRVSAMPNCA,0
MQKLQISVYIYLFMLIVAGPVDLNENSEQK,0
VLDHMSGVDFKRFMHMSE,0
IESYLNIPKEGNSKINF,0
VTRPRRRQSDGFPTCQGPRRE,0
AIRAPQLRLRF,0
YFDDDDMWNKAENMLKEAADELGLSYEEA,0
VDHDRHIIKHLKSGCIGCIDASK,0
FNCFLELPEVLHGKKFLKVDEATREDMLMS,0
PISSSSNVTEAIQTNITSVAAVAPSPPP,0
ALWKTLLKGAGKVFGHVAKQFLGSQGQPES,0
CGETCVVLPCFIVPGCSCKSSVCYFNSLDN,0
NWRKILGKIAKVAAGLLGSMLAGYQV,0
CAQAEYSRIWYDTLIE,0
VPLPAGGGTVLNQDVPARQPLGG,0
IRKFAQQIPVKEGTWQMICEM,0
KIAWTPPMLQCTYGDWN,0
EAQKTSPSLCPESQASGPPVLEPQGAG,0
ILGPVISTIGGVLGGLLKNL,0
LLVQYILPLVCLTVSHTS,0
GGSCHFGGCPFHLVKVGRCFGFRSCC,0
DDKTCSMQACN,0
DSNGAAANAVRLSLDSITQRWDNLVARIE,0
FKVQNQHGQVVKIFHH,0
RDAQAFAAGHITGARHLDNHSVADFIRGA,0
NSMERVEELRKKLQD,0
VSVYVFVFIDWHIRPKCHSCQIFQCIWRN,0
DEEAMENMG,0
VLTGMGADGREGARMLKAAGATIWA,0
SRLSELSKVQISELS,0
GFLSILKKVLPKVMAHMK,0
GLADFLNKAVGKVVDFVKS,0
RNTQPIPSHSWISRSELVRMLVDDEQTY,0
KTSGDPIRRRNFVDKEDD,0
IPPYCTIAPFGI,0
FHMQRNWEGWERGAW,0
AYPGNGVHCGKYSCTVDKQTAIGNIGNNAA,0
VMMVEAGFGTHGCPLLQGTCDSHCRGMDA,0
SFPFFPPGICKRLKRC,0
PDFKLPGMKYPIPATTPPFVPKRSRFPIYA,0
KIITMAAKEGGLDPDMNPKLRTAILNAKAQNMP,0
THGSALFT,0
FIFHIIKGLFHAGKMIHGLVTRRRH,0
VLAMLSR,0
MRDVFMHLWYNKSIEFAYVRAKIEP,0
NCINGYAVRADQDFLA,0
DKFENMGAQMVKEVSSQTSD,0
GCCPFPACTHTIICRCC,0
LATRPEKQKDPEFDKE,0
SVTILNNHLTLASMMPIVLLVFAA,0
DYDPRTEAPRRLPADDDEVDGEDRV,0
ETCMRINPASMSITKFTHESCSHYYE,0
KNRRTGDAVEVHIDNLQETIQSIYASFESMS,0
MRHLLGQSLTMYKVPELIFKRDQSV,0
GYINASAEGVSIRTGLELSRDPAGRMK,0
SSPETLISDLLMRESTENVPRTRLEDPAMW,0
WQIPEQSQCQAI,0
GPSKTNLDLNNHPYDDPSDYYESVRVVTVKGGPIYN,0
SLSRNALC,0
HVRGVAMNPVDHPHGGGEGRT,0
AGFAAQAAASLAPVAAQQL,0
PTVSPPEDSHTCVCFHQDNCTQC,0
SIGDSHIGILEQLKAW,0
DTSQHFHWPSQTCFHGYEWNAVYVEQWHPPI,0
GLGSVFGRLARILGRVIPKV,0
CYESMACWHHMEKNVLYERHLSQWLP,0
KPRADLTCWEHWVAKKFLC,0
IAQSHPQRNDGDFTPM,0
NNLCVMRMDMSDWNF,0
QFSKQQSKS,0
FLPKMSTKLRVPYRRGTKDYH,0
GFKDWIKGAAKKLIKTVAANIANQ,0
LIGKTVAKEAGKTGLEFMACKITNQC,0
AVINSKTGLWKVTRNLDDDD,0
VFMGMGEPLLNLKEVI,0
MRTWACLLLLGCGYLAFALAV,0
GSAFCGETCVLGTCYTPDCSCTALVCLKN,0
RSNKGFNFMVDMIQALSK,0
HIQLPCFTFMGSFQAYDHALRDRVIWT,0
IRGQQQLRRPLVGDAGEGAG,0
VELQDKVDSLDKDIKFLKCLY,0
YCTDGWNQEGIHRANH,0
AHGVPVGGELDYLDEGTLAAALRARTVIM,0
TECTFM,0
SCIKHGDFCDGDNDDCQCCRDNGF,0
TFTDYVDRFNSV,0
EYLRSQNLALGGSVENAIVVDENRVLN,0
QCCITIPECCRI,0
AVPAVRKTNETLD,0
PTRKLLAKNLATLYSIGDTFTVF,0
RFRLPFRRPPIRIHPPPFYPPFRRFL,0
EVGRALANLTDATTIIGGGDSTAAAK,0
SEAAALPRASAAAMRAAWPSPSVERV,0
VVDPGVIPRNLHQMPPVDPSQDPLAIGPPT,0
RGLWSKIKEAGKAALTAAGKAALGAVSDAV,0
RSLDASPSSAFSGNHSLS,0
APYQRDNFILRQ,0
FRPALIVRTKGTRL,0
CTWLGARMRWQNDQKND,0
IKNGALANLVREIEM,0
DGQITPNEAFQNAL,0
GGFVSQITRGVYLK,0
CLAYVWATPYTSNTESRRGNSSDHKQ,0
MLAKEGRLPDAVIACVGGGSNAIGMFADFIDEKN,0
NCTLIA,0
ALWKDMLSGIGKLAGQAALGAVKTLV,0
YWNVKTLDEKAGFPKEDYVKIGDCYCQ,0
KCWIEEYFALKQPE,0
AINPWSPKRS,0
GVLDIFKDAAKQILAHAAEKQI,0
TWLKKRRWKKAKPP,0
FVEVETPTLTRSTPEGARDFLVPSRLQPGSF,0
GGAGHVPEYFVGIGTPISFYG,0
YIKVLRCRVVFQNEC,0
RLGTRCSVCMLHAWQGGKQVDE,0
ERVMKSRHRMA,0
DFIDWVDNMWPR,0
RVLAYLLDKNLPKEQQE,0
WCPSDMMPAVYVNEGHESKDKNQQMCKAMWNSET,0
YFHGWPNQELKLSIKLYYMCQCGFYVYGVAALL,0
FLPGLIAGIAKML,0
VNAEAM,0
AQMRRL,0
RPIPRPQAPRPGAPRPGAP,0
AKYIADLDTFF,0
PHQPFWFFAHCGATQLRMNGYEWW,0
IMFKCWYNTKK,0
MSPRPLAWALVL,0
AFTGELPNGDQYYGFPAENDALKIGKHNGGQV,0
DLIYIDP,0
SSKLHCQVGDLQYKMPF,0
WMSYRWGRKDQPQKWEFNPENMPYFNGDKWSSMEPENW,0
GLFLDTLKGLAGKLLQGLKCIKAGCKP,0
VFTFFLQLEGFTLGVKDILVTDVADRK,0
SSSMYDRDIMSFG,0
PVPSLNVLNGGKH,0
ATGKPHTLWVA,0
SIITMTKEAKLPQLWKQIACRLYNTC,0
MCFYMEDQVCNTCVQTVEG,0
RQYKNEFQNQTQM,0
AIGNILKTLGNLAQKILGK,0
ANNTFTAT,0
QYCTPNRDYQNTDAT,0
QGVTYCYTWHGDFRNPCLFC,0
MKLNGGKSLDPTGLY,0
VKLYSFNLGGLFFLCCTSLGVYTV,0
QIGFLNVTCKKSINANAEESLEADY,0
DISEAPIGPRSVVATSPDKLGECQWELE,0
PTMELGVRIDWIQDGCQ,0
ANAATYTTGLTAASFTS,0
RSKRTLGLGSLYGENDLLGL,0
NSPLFGTDGIRGKAGELL,0
VVLPYRDRLQVFS,0
EFTHNHTVGDLTWD,0
KQMTASMTRFEVCNVANQ,0
AADHDVGSELPPEGVLGALLRV,0
VQDKRWIQSAYTSIPEMP,0
GVLDAFRKIATVVKNLV,0
SQGQRISALRAIGASAPELPR,0
GWKKWFTKGERLSQRHFA,0
LIIAEERVAACMADF,0
GPYGGGGLVGALLG,0
MDLGELVGMTPEIIQKL,0
RDRTGTGGGAPCKSESDGNPTTEDESSRSP,0
DCHVHMWSDYFDFMFK,0
ASHAMI,0
DMDEETFFDQVKWSLWATQCITKFQCEPEAKDFKCEL,0
RYDWWPYGNLFGGHTFISP,0
GILGKLWEGFKSIV,0
RFVQAGSEVSALLGR,0
MIASHLAFEKLSKLGSKHTML,0
YGKPMEPEKIPDIIFIDGGRGQLSRAYNV,0
VNHSACAAHCILRGKTGGRCNSNAVCVCR,0
RRARLALLDALDLS,0
RDWERREFERRQNELRREQEQRREELL,0
FLPLLAGVVANFLPQIICKIARKC,0
KEPEALEASPVEVRVAGRVMLKRVMGK,0
DVDFNSESTRRKNKQKEIVDLHNSLKKTV,0
DEATVFGLWPLCSYRMLPF,0
IVAVLFLTACQFNAADDSRVRRNAEH,0
VQGKALSYNNIADTDAALECVKEF,0
PEVLEGASPTPASDVYS,0
DIDITGCSACKYAAG,0
SESRRTQALILKQAK,0
PLQTYKELIKLYQAEEVSFKY,0
RGFMDTAKNVAKNMAVTLLDNLKCKITKAC,0
AVDLAKIANIANKVLSSLFGK,0
PPEAAYGPGNTNSDSGDK,0
SYKKIDCGGACAARC,0
EEDAAFILKWYSYEK,0
CKQNVLHPNKHCKCNSE,0
VPCYFIYGNRDFLIGSRFCQETGMTLLPEHTVI,0
PYFMNKERWCVI,0
GWGSIFKHGRHAAKHIGHAAVNHYL,0
FDIPMTRWVSRWNQ,0
TDTLKHFLKLEYEKGEKNMEIILLTDISNKGK,0
RTQNWTNSFGSSNAGNGSTT,0
SLVADNCVTLVWRMPDEDSKIDHYVLEYRRTNFE,0
VKVPQKNDEQYVM,0
TIYQKATGHVQAKIPPL,0
LVYPIDIVNKAVNLYV,0
AVNIPFKVKFRCKAAFC,0
FIGALLGPLLNLLK,0
FEVLMQFLYTDKIKYPRKGHV,0
FLKPLFNAALKLLP,0
DNLDLIVFKYQVNWYFSF,0
HSEYSYSFPDISSEMMIR,0
NRWWQGVVPTVSYECRMNSWQHVFTCC,0
FLIQMYMHSGLHDM,0
ILDICDHHGWNCYQKAYGDTIFPKEGAETPCWLK,0
EKRPRTAFSSEQLARLKREFNENRYLTTERRRQQLSSELGLNEAQIKIWFQNKRAKIKKST,0
