FCNVANQAYKQSHQCYCMAPLTKPAWGGMMNMEYSFIYY,1
QYYKNPMVDFRQGI,1
RNFMSEVQTLIVRF,1
WELVVLGKLYGRKKRRQRRR,0
NSGTMQSASRAT,0
ACRGRRRGCGRRRGRCG,0
IMLRKFKCSEVPCWNS,1
IWRTCQDWWEIFEGW,1
RFTFHFRFEFTFHFEGGGRRRRRRR,0
SKRTRQTYTRYQTLELEKEFHFNRYITRRRRIDIANALSLSERQIKIWFQNRRMKSKKDR,0
EVEPLAWYMSWPV,1
KLIKGRTPIKFGKADCDRPPKHSQNGMGK,0
IYLATALAKWALKQGFGGRRRRRRR,0
DDKTCSMQACN,1
VRLPPPVRLPPPVRLPPP,0
VDKHCMGSWMSTCGNFEDNHTQEMG,1
AIHYDSIHCVMQRAANEFLIDETDHGVDQNLQV,1
SWAQHLSLPPVL,0
RVRILARFLRTRV,0
DMDEETFFDQVKWSLWATQCITKFQCEPEAKDFKCEL,1
FFFFFFGRRRRRRRRGC,0
DNLDLIVFKYQVNWYFSF,1
WEAALAEALAEALAEHLAEALAEALEALAA,0
KLTRAQRRAAARKNKRNTRGC,0
AIPNNQLGFPFK,0
TRVSAMPNCA,1
LIIFRILISHKK,0
LVRPPQDSHPVEIMKKTLGNF,1
KCFMWQEMLNKAGVPKLRCARK,0
TQLSAQHWSVVNYMMKAYACMALAPTKSDMLERWPDID,1
EARPALLTSRLRFIPK,0
CNDWQTKDYMIALLFSFNNYAKWPLKQLIVPTLKILW,1
MCWTHKIQRDKFECEFWRP,1
RRRQRRKRGGDIMGEWGNEIFGAIAGFLG,0
CGAYDLRRRERQSRLRRRERQSR,0
YLCNYFTHDQ,1
QDQSHAGGHVAHIM,1
GRRRRRRRRRPPQ,0
HGKVYPQYWVI,1
CLLYWFRRRHRHHRRRHRRC,0
IPLVVPLRRRRRRRRC,0
WIIFKIAASHKK,0
FFKKLALHALHLLALLWLHLAHLALKK,0
MTLHEAGTSMKSF,1
SCMNTWLQMQSGNQHYIGRMVDYLYYDNSMRND,1
WLQQYSEDKDCAIHFTSC,1
TRRSKRRSHRKF,0
VSVYVFVFIDWHIRPKCHSCQIFQCIWRN,1
GRGDSPRRKKKKSPRRKKKKSPRR,0
VQAILRRNWNQYKIQ,0
LCSAMDYFIA,1
YTFGLKTSFNVQYTFGLKTSFNVQ,0
ASMWERVKSIIKSSLAAASNI,0
RLLRLLRRLLRLLRRLLRC,0
RQPKIWFPNRRKPWKK,0
HTNKDQSNVQCWY,1
KLALKLALKWAKLALKAA,0
GEQWEYNHVSAMFNM,1
GLFRALLRLLRSLWRLLLRA,0
NWNCIVMAPMRMHRGVLP,1
ECNDYTSVPHTFTVGLNPDFMSINNFEAPWWV,1
RLLRLLLRLWRRLLRLLR,0
AWQCYKCRQDICWQSSKIN,1
LLIILRRRIRRRARARSR,0
YYAKKEMYGYWTHGVGCTWVGYTQKYQYQQLFVPNM,1
RKLTTIFPLNWKYRKALSLG,0
LKWGYMTAMESHA,1
AYDYETPRNDP,1
NIENSTLATPLS,0
NRRPWRMNDPMSWGHN,1
CLLIILRRRIRKQAHAHSKNHQQQNPHQPPM,0
KWCFRVCYRGICYRRCRGK,0
LKRWGTIKKSKAINVLRGFRKEIGRMLNILNRRRR,0
MTPSSLSTLPWP,0
PTMELGVRIDWIQDGCQ,1
GKGIHFSWNHMAQDQRDNKIEIKNKR,1
ERERERERERERER,0
EPDNWSLDFPRR,0
NDYMEHMCQGAFILMRAVHRM,1
TGQITNMPNVKWTCHWGGCWFHAMVALKFASL,1
QIGFLNVTCKKSINANAEESLEADY,1
TLPSPLALLTVH,0
LSTAADMQGVVTDGMASGLDKDYLKPDD,0
LNNVERSMWKWLKVACKECCYACVH,1
GKKKRKLSNRESAKRSR,0
KRIIQRILSRNS,0
CREKAKKLFKKILKKL,0
KETWWETWWTEWSQPKKKRKV,0
MMYLWVVPYYSSSD,1
RCYYNAGSVDACCLKCWQWGASCWNQLRLPCKGVSPNCCNSTARERSEKMSV,1
TDMMGRRWPTCQEMTSTK,1
RQIKIQFQNRRKWKK,0
ACRRSRRGCGRRSRRCG,0
LGTYTQDFNKFHTFPQTAIGVGAP,0
RGSRRAVTRAQRRDGRRRRRSRRESYSVYVYRVLRQ,0
FVTRGCPRRLVARLIRVMVPRR,0
NTIPVRPYNPVFENWPQDWPM,1
EFDTAMNFIIANVQGL,1
SNPWDSLLSVST,0
RIMRILRILKLAR,0
GKLGWMITKRRIELTMYSHYR,1
CRQIKIWFQNRRMKWKKKLAKLAKKLAKLAK,0
VKQCFKHWNIQDG,1
LLRILRRSIRRARRAIRR,0
NTFTEALNPPFKEMLS,1
MIIYRDLISKK,0
GCVMDVKGKCLMWTTTYDWWSFGDEAKCGSCE,1
GNYAHRVGAGAPVWL,0
EEEEEEEEEEPLGLAGVSRRRRRRGGRRRR,0
RGDRGDRRDLRLDRGDLRC,0
MAPQRDTVGGRTTPPSWGPAKAQLRNSCA,0
MPYNWVCLHE,1
AEKVDPVKLNLTLSAAAEALTGLGDK,0
GNINGMGCWN,1
HHHHHHTKRRITPKDVIDVRSVTTEINT,0
LHKWDVQGYNDP,1
RGGRLAYLRRRWAVLGR,0
IMIFETYNNMMPYQIDFIVYHNTYHTNEMRWQET,1
GPSKTNLDLNNHPYDDPSDYYESVRVVTVKGGPIYN,1
AAVALLPAVLLALLAPRKKRRQRRRPPQC,0
VFGKHWAYMRNWGWHKHTGALANHVN,1
IFWCATRLDYSMHLI,1
LLGDFFRKSKEKIGKEFKRIVQRIKDFLRNLVPRTESC,0
RARARARARARARARARARARARARARARARA,0
CNIFPQLCENINWT,1
GKRRRRATAKYRSAH,0
THCNLAACREPT,1
HRHIRRQSLIML,0
RTLVNEYKNTLKFSK,0
PSKRLLHNNLRR,0
KKWALLALALHHLAHLALHLALALKKAHHHHHH,0
RHHRRHHRRHRRHHRRHHRHHR,0
YIEVKTGGVTLILTKRIYAYLQHQGSNF,1
EFQEAHSMFVVH,1
LLKKRKVVRLIKFLLK,0
AEVQSGMLNAPMENFMIHHYNMD,1
SMEKWNVICHNTHGERPTYKQMKDKKMNIKFR,1
VKLPPPVKLPPPVKLPPP,0
ACRGRGRGCGSGSRSCG,0
TRQARRNRRRRWRERQRGC,0
HALAHKLKHLLHRLRHLLHRHLRHALAH,0
RVIRWFQNKRSKDKK,0
WWYVAMKASMQGWTFCMSCNELTRHDQYE,1
MLHGENHANIRWCYT,1
HFAAWGGWSLVH,0
AGYLLGHINLHHLAHLHHILC,0
FMVWEFHGNDWARRH,1
CSFYMMMGYRLHYTWLAAITVLHMYHVVA,1
RQGAARVTSWLGRQLRIAGKRLEGRSK,0
IPSRWKDQFWKRWHY,0
TMFLHGHPNFN,1
GWTLNSAGYLLGKINLKALAALAKKIL,0
ARRRRCSDRFRNCPADEALCGRRRR,0
GGGRRRRRRYGRKKRRQRR,0
RKKRRRESRKKRRRESC,0
LQMIYHQKQFMQYSQTPGEMSG,1
AVPAENALNNPF,0
DHRYNFQNHMHSDFAYMY,1
CTSTTAKRKKRKLK,0
FYLRWESRDFYKNIPSCTENKGAQSMRNGYEQIAHPTNHIWMYM,1
PYMVCWTMGMPKYQSWPTKEMKSSRMLTSKPCFPN,1
IKIKIKIKIKIKIKIKKLAKLAKLAKLAKLAKLAKKIK,0
FDPFFWKYSPRD,0
YLQTYTMDEIPYLFEQMWAVKEGFHS,1
HWFCKEMAASA,1
PPDGVNIHYQLN,1
LHFLHKAWDSMIPKGTHWPIQMQCRYLSDCHVKKHNEHG,1
PPRLRKRRQLNM,0
KLLAKAAKKWLLLALKAA,0
AAQMESMPCGC,1
YSSYSAPVSSSLSVRRSYSSSSGS,0
ARTINAQQAELDSALLAAAGFGNTTADVFDRG,0
RHHLRHLRRHLRHLLRHLRHHLRHLRRHLRHLL,0
VKARFEMWKIHHI,1
VENCVSTGLCG,1
GKHRHERGHHRDRRER,0
RSFCWSIYMIA,1
EWYYQGYTTILVCFANQCFGHSIIGFDLP,1
MRVCHIYQADYKDGDAHDH,1
FLQTPLIDSISQTVTPLVCW,1
GIGKFLHSAKKFGKAFVGEIMNSGGKKWKMRRNQFWVKVQRG,0
HQHKPPPLTNNW,0
HDHHLPEGNGEIMYKLIWCKKEANPGE,1
IDRYMKWRPIQNSLIA,1
LLMAQHPEKA,1
GALFLAFLAAALSLMGLWSQPKKKRKV,0
HRYCVCFYFYAFMGTMTKFLMVAPTFEFCLNLAIFPNLFMHMSVDCIEDCARPIVA,1
FKPLPKPETNRYMWVSH,1
NLKDDSWWGT,1
GTKMIFVGIKKKEERADLIAYLKKA,0
YRQSHRRGGRRGSG,0
FAYFDWHMPLPCMGMLCCKGHPIWAKQTLPH,1
ANNIQTIVSFC,1
NANHLVGQWEHMWYAMFQA,1
YFMHYCFATWYSPPSGGHSCMDFMQMVKQAAGIDQETRG,1
YVNMCRCDRPHDSFCPTHWFARYLNRC,1
GRCTKSIPPICFPD,0
QISVRTYGRYF,1
IQPSEFALLLP,1
VKRGLKLRHVRPRVTRMDV,0
PPKKSAQCLRYKKPE,0
CLAYVWATPYTSNTESRRGNSSDHKQ,1
VGPMKSPMGTCGSRGDGAL,1
FEGYFTREYFFVQVEMPIY,1
NLRSIDEAEMCVHHNGLQI,1
VIQQKTQFPIDKSPQQIPMMYGVEWPMWN,1
LKTLTETLKELTKTLTEL,0
RMMDDGRMIHMLNKRWVTVWCETQYC,1
RVIRVWFQNKRCKDKK,0
YEESCPDIEWEQGYIK,1
IAFSMHPGCWGHYKFLTWLDHQYKIQLQT,1
ARRARAARRARAARRARAARRARAARRARA,0
KNAWKHSSCHHRHQI,0
KLWSAWPSLWSSLWKP,0
GSRVQIRCRFRNSTR,0
VMWFETRFFPCI,1
IHRYFRFYWLTDWDEDAYHG,1
LNVPPSWFLSQR,0
DWFNLIQYDMFWDLADCES,1
QVEAHRLHSIRDNQ,1
KSTGKANKITITNDKGRLSK,0
KKICTRKPRFMSAWAQ,0
PGYKSWYDGADVQTL,1
KITLKLAIKAWKLALKAA,0
KLPCRSNTFLNIFRRKKPG,0
YARVRRRGPRR,0
ALALALALALALALALKIKKIKKIKKIKKLAKLAKKIK,0
DTWAGVEAIIRILQQLLFIHFR,0
IWWEEVSKRTGCRGYEI,1
AGYLLGKINLKKLAKLLLIL,0
PNTRVRPDVSF,0
EAEQWQWLMKN,1
LKTLATALTKLAKTLTTL,0
DKTDMDQCVNCIEQDW,1
NKQWWWAVMARTDETTLNPGDQ,1
DDAYFDSIECVGHCERLQMCIWSSWYYG,1
GEIFVIIMVI,1
ADSTNHLSNRTGVFCVV,1
GWTLNSAGYLLGKFLPLILRKIVTAL,0
NIGHCNWWSNWNCFPINEEDLECASWKRR,1
LHHLLHHLLHLLHHLLHHLHHL,0
MHKRPTTPSRKM,0
RWAGRFENIEWAQPEH,1
LTRNYEAWVPTP,0
MAARLCCQLDPARDVLCLRP,0
YPYDANHTRSPT,0
FQFNFQFNGGGHRRRRRRR,0
TFSEWQWNNQA,1
NYTTYKSHFQDR,0
SEGIIIWITYIYHN,1
SSKLHCQVGDLQYKMPF,1
LIKKALAALAKLNI,0
GKYVSLTTPKNPTKRRITPKDV,0
KHKLLHLLHLLALLWLHLLHLLKHK,0
RRRQKRIVVRRRLIR,0
TSPLNIHNGQKL,0
CVQWSLLRGYQPC,0
RLWRALPRVLRRLLRP,0
HNSEIYMCWASTDIDLQTNRCGQSI,1
VMGNRSHVDQRPVKTTDTSSETQQYFRMAMISDIT,1
GHTTCTPTSYENKYWYRYEQEPADDE,1
GWTLNSAGYLLGPHAVGNHRSFSDKNGLTS,0
CNNKRFNECWPEDFWLGN,1
FGIHSPVNWLANARF,1
VTPHHVLVDEYTGEWVDSQFK,0
GFDPLNSGIMHTVKNAAL,1
DLFLSFDLAHAAFWTMNYIDEK,1
SLHRNDITICC,1
ACRGRGRGCGRGRGRCG,0
GYGYGYGYGYGYGYGYKKRKKRKKRKKRKQQKQQKRRK,0
GRGDSPRRSPRR,0
RRVWRRYRRQRWCRR,0
IMAEREFAIF,1
RRRRRRRGGIYLATALAKWALKQGF,0
KFLNRFWHWLQLKPGQPMY,0
RKKRRRESWVHLPPPVHLPPPGGHHHHHH,0
SHNWLPLWPLRP,0
MPHAWEHPVWGTTCYNDHWLMF,1
TTRWHWNACKMMQ,1
FMVAPSMGAL,1
MNKAYFCGCMCLSDKLQ,1
KWFRVYRGIYRRRGK,0
KIAWTPPMLQCTYGDWN,1
CRKARYRGRKRQR,0
EMHKLPILYYIPASMGSLTYAVHRCKKS,1
KCGCRWRWKCGCKK,0
NHDKSKNRKPKQTNST,1
AAVALLPAVLLALLAPEILLPNNYNAYESYKYPGMFIALSK,0
FPCKADICTDVS,1
WEARLARALARALARHLARALARALRACEA,0
QYCTPNRDYQNTDAT,1
KWCFAVCYAGICYAACAGK,0
KLAAALLKKWKKLAAALL,0
CAQAEYSRIWYDTLIE,1
EEFFLDRWKR,1
HINETEIMPLHIPMETRS,1
RVREWWYTITLKQES,0
TEVAVEMITDAHLQYPISKIFDGRSMPPYSNWATQMA,1
EVQLNKLFIPTQ,1
LLRHLRRHIRRARRHIRR,0
RQIRIWFQNRRMRWRRC,0
RHYYRGQSQPQW,1
GPSKESRATQNPSNVC,1
KGNSDLRCQFTMGF,1
YWNVKTLDEKAGFPKEDYVKIGDCYCQ,1
LGLLLRHLRHHSNLLANI,0
QRIRKSKISRTL,0
FIMATPNPIFGKHQYMSEMPPETH,1
KMDSRWRWKSSKK,0
CIGAVLKVLTTGLPALISWIKRKRQQ,0
DSDQQQQFEP,1
YACTWTGSMSERYVVR,1
KTIEAHPPYYAS,0
IQSYCAFQDWFQ,1
KRNWRLWLGPPVIHVGI,1
FMRDLMIFTDDAANHREYMKAFSTRAVIY,1
NCINGYAVRADQDFLA,1
KKALLAHALHLLALLALHLAHALKKA,0
CAYGGQQGGQGGG,0
GPFHFYQFLFPPV,0
GYGRKKRRGRRRTHRLPRRRRRR,0
PQTDEQTTQKSYFNCHFEYIILWSIHAP,1
YGRKKRRQRRRGLFGAIAGFIENGWEGMIDGWYG,0
CEFGNDVHVIHQSYFPM,1
FLIFIRVICIVIAKLKANLMCKT,0
RAHLWTLNEWRWEFCPKCCQFVN,1
HQKKHIEEMENLTVKDQQRMMYCTPCNNKEYWVATYLM,1
FQPYDHPAEVSY,0
GRHAFWTPAYMHHNIHKACGN,1
CCGPEVCFDCELDKDPLCCSGAKW,1
KMDCRPRPKCCKK,0
VYCNVCFHMTRHGPLPVMSGGNM,1
PPHNRIQRRLNM,0
YCTDGWNQEGIHRANH,1
GKRVAKRKLIEQNRERRR,0
GLWRALWRALWRSLWKLKRKV,0
FQLNYKKFTSEMRAPKHDDSMKP,1
YPRQLDDVVDETVISIMIDTQNWGIRLGCVMQQG,1
KHQAQGQQTFC,1
YARAAARQARAKALARQLGVAA,0
RRQRRTSKLMKR,0
GDVYADAAPDLFDFLDSSVTTARTINA,0
RGGRLSYSRRRFSTSTGRA,0
TNFYLMVPMYFTSSDCNLQ,1
MAMPGEPRRANVMAHKLEPASLQLRNSCA,0
WRWRWRWRWRWRWR,0
KCVINNEHDCNYELLR,1
ETCRYDSEVPSCNMS,1
HEHEHEHEHEHEHEHEHEHEGGGGGKLALKLALKALKAALKLA,0
KLAKLAKKLAKLAKGRKKRRQRRRP,0
LVCAMIPMQTHFSR,1
YRAMKDQKVNGAPMNKRDPCSGM,1
QLWDHSLTLNLTSTVTG,1
HIQLPCFTFMGSFQAYDHALRDRVIWT,1
HPGSPFPPEHRP,0
GATNSLQTWNMDRVL,1
RILQQLLFIHFRIGCRHSRI,0
WKCRRQCFRVLHHWN,0
GRRRRKRLSHRT,0
SCKQGDVVKKNFPMQCPFACFAMVEFVG,1
ASCEYTQTTSRH,1
QAEQVGTYHKMLFIGGRCLMKGDKQILFPAVREEHWS,1
PKKKRKVAGYLLGKINLKALAALAKKILPQMQQNVFQYPGAGMVPQGEANF,0
VSKQPYYMWNGN,0
DFREVSIGELTI,1
CPAEFKAVMM,1
MMVKEELDFSETQIKRN,1
TIEDCFSMASRIIKCYHP,1
DAKWHMKGINN,1
QRQTHMVTHLAKQMV,1
MVGFPYWKAYDLVMWGLMRH,1
HESRQHKPTTKQVQICIETEAYCECNPAGF,1
KTVLLRKLLKLLVRKI,0
ANSVKVDLTDKYCKEWQ,1
QMWWYMFFEQLHCCGGFWAQIADAHTT,1
GRKKRRQRRRMVSAL,0
KRVSRNKSEKKRR,0
YGRKKRRQRRRDPYHATSGALSPAKDCGSQKYAYFNGCSSPTLSPMSP,0
TGWERFPSYVRDFGYSGGLQ,1
MDHRVMWFYRMRLTHASNTDWWNKTITAYYWWT,1
EPCYVDTYFV,1
DFFYAKLMVEEAFMLHWVKDM,1
AGYLLGKINLKALAALAKKILTYADFIASGRTGRRNAI,0
PQGFTEKNNLTYCAFSL,1
GLGSLLKKAGKKLKQPKSKRKV,0
CHCEVFENDQR,1
MSVNMYRSSNNILCWYV,1
IAYNEMLLANVMPDRPIPGDNYHTFN,1
LLKTTALLKTTALLKTTA,0
PFGFNGSRGDLWVGVHGSV,1
PLSSIFSRIGDP,0
MIIYRIAASHKK,0
SPYENYKCEYQMPRWLEDE,1
GALFLGFLGAAGSTMGAWSQPKSKRKV,0
PSKCSVNIEKSLFFMHAQAY,1
IMFKCWYNTKK,1
FRVEFCEYGAHPSIH,1
TTHDDACIQYLMELNPDIV,1
TNAPSVVLGGLQGISDSHQYYWHEC,1
GGMYTRIIEGP,1
CIHGYQKIKDAV,1
KIYGFLCVCSMCSSCTKPYAYEKHGLRP,1
KFPCWPINTHV,1
GDKYPAPSGVPQHMCPNEAMPDCSAESS,1
KRRIRRERNKMAAAKSRNRRRELTDTGC,0
VELPPPVELPPPVELPPP,0
LDNALAGDMQNYN,1
RKKRRQRRRPPQCAAVALLPAVLLALLAP,0
AKVKDEPQRRSARLSAKPAPPKPEPKPKKAPAKK,0
KIAKLKAKIQKLKQKIAKLK,0
YKYKKRQFFMDVRWF,1
TSTAIFFKTGYMEIYANDAYRNTEPKAFPEVANRVHL,1
HHHHHHESGGGGSPGRRRRRRRRRRR,0
LHPAKLAFFGIMMTCEKM,1
CMPTITRMPMPLR,1
PGCNEISNKLLIKFFATPH,1
EVTMGEHPTAKIAMKDTNCPGLQPLFFPKNMD,1
YKQSHKKGGKKGSG,0
VNWIVHGMHFAAGQPIKCIAIKRSKGRWTANRRRTLGA,1
CMEEPLLYECLIIPLGDFLL,1
KCQHRTPWKSFHKMFCQ,1
TMDKAFMICVEISWGIFN,1
RHNFRFFFNFRTNR,0
RLHLRLHLRHLRHHLRLH,0
SWLLLMMPQHP,1
ENRQSIWVTIMEARKNKATLHDYMSVPQW,1
TPWWRLWTKWHHKRRDLPRKPEGC,0
KWSFRVSYRGISYRRSRGK,0
AKKAKAAKKAKAAKKAKAAKKAKAAKKAKA,0
LGWSRSYPDAQDRH,1
WDIINWSDPWYACNYDSW,1
EEDFIYHQKVPQS,1
MGLGLHLLVLAAALQGAWSQPKKKRKV,0
NCSCVNELQPN,1
ETMQGCIQFTWQQH,1
LGAQNCLLVKHLVAQLDGDQDDQGTKDSL,1
DPATNPGPHFPR,0
AYKFSYLLARINTNNQCLEWRKQESDIVIDCWVFFHYIVSRSVCWKIYERRTWIGSPM,1
LALALALALALALAKLAKLAKLAKLAKIKKIKKKIK,0
KGSKKAVTKAQKKDGKKRKRSRKESYSVYVYKVLKQ,0
ACHGRRWGCGRHRGRCG,0
EEEILEYVWACIIGCSGAYQHK,1
VVFAQDCTSIRMYWHTMCEHLESSESFLWLNC,1
QAASRVENYMHR,0
THPRKFYLVIGEQWSANCGFSLGNTMMEVPFEYMWP,1
FGEFGVDTQTCTWQFTR,1
LVYPIDIVNKAVNLYV,1
KQEIKRHKLEQPSLLGQFKEADTAS,1
IVDWNYNIMNDDDNKTYGSSLQIKSPDQWVEMDWE,1
IAWVKAFIRKLRKGPLG,0
AINPWSPKRS,1
KRIHPRLTRSIR,0
CELAGIGILTVRKKRRQRRR,0
WWVDENGPVVE,1
WIIQVKVAIKKHL,1
GRKLKKKKNEKEDKRPRT,0
LLKTTELLKTTELLKTTE,0
KGPHTLPKCMYPIYGSSLYKGEHYHAWFPPQLY,1
RWRRWRRWRRWR,0
EEEAAGRKRKKRT,0
GLFKALLKLLKSLWKLLLKAGGC,0
KHKHKHKHKHKHKHKHKHKKLFKKILKYL,0
GRNYKKVQGYC,1
NVPRMYYFQYYGLKTCTWAA,1
AEIMQPPLLNGFRPRRDLCVIRDRGCAPIAWHLVWT,1
KKKKKKNKKLQQRGD,0
DITYRFRGPDWL,0
MIIYRALISHKK,0
SAETVESCLAKSH,0
CQTRYNLAPNAWAKV,1
WYVFADPVVAAGRDHCELSSDKWPSYN,1
VTRPRRRQSDGFPTCQGPRRE,1
DAMHDTEETHHMLDKVSRELFLTREMEAGCELFKHMIPAPMRF,1
RLHHRLHRRLHRLHRRLHRLHHRLHRRLH,0
RRRRRRRRRGPGVTWTPQAWFQWV,0
GLPVCGETCVGGTCNTPGCKCSWPVCTRN,0
PTVSPPEDSHTCVCFHQDNCTQC,1
KRIPNKKPGKKTTTKPTKKPTIKTTKKDLKPQTTKPK,0
HAAQNKYPASWKWVRHWNQVEVVHI,1
FFFAAGRKRKKRT,0
ILCPMGSNEETCQTMDIRKGWRIARWYRAYGC,1
STNQAWELQNSMWEWSELMHCG,1
VNADIKATTVFGGKYVSLTTP,0
DYHDIKYKPSIFVIKVY,1
CGGMVTVLFRRLRIRRASGPPRVRV,0
RLRLRLRLRLRLRLRLKNNKNNKNNKNNKKKKKKKGYK,0
RRWRRWWRRWWRRWRR,0
GKKTNLFSALIKKKKTA,0
CGGKDCERRFSRSDQLKRHQRRHTGVKPFQ,0
GNTAWNGNEAFLLVICIKYILDIIGYKNMSLSKE,1
LAELLAELLAELGGGGRRRRRRRRR,0
AAVALLPAVLLALLAPSGASGLDKRDYV,0
VQDKRWIQSAYTSIPEMP,1
SWWTPWHVHSES,0
YIVLRRRRKRVNTKRS,0
ACRGSGRGCGRGSGRCG,0
SWLPYPWHVPSS,0
CHPERRFQRGCT,1
DWCWWKVLYTVVRTLSCD,1
IHWIRSKVWLKH,1
QKHVEDTFVTFSPTDKFYKKR,1
CPNSLHMRTMKEEKHEQVDYMSAF,1
CSRRNHVCAYEFDQHCFLFGKTEH,1
DYVKHSDTFQDTREAT,1
ELALELALEALEAALELA,0
WMIDVYLAECIVEK,1
RGRTAKESPLAFKMQEVPDPCRYA,1
VKRIVTYNLGDMRSNPQGP,1
HEAHSTYWFHGKYCFN,1
CNGIQWNPVPPVREHADPTGVPKNPRNWMQCG,1
YAREARRAARR,0
WVTEIMATPQQPPPMFI,1
GKRKKKGKGLGKKRDPCLRKYK,0
KALKKLLAKWLAAAKALL,0
AELQCSVYKNTRNHDTDV,1
VDHDRHIIKHLKSGCIGCIDASK,1
DTEPFNIKREESPDCPDRLMHGRW,1
PMIKFVIMNQCLVGFPLCLHKCPVFAH,1
MRDVFMHLWYNKSIEFAYVRAKIEP,1
RSVTTEINTLFQTLTSIAEKVDP,0
KLFMALVAFLRFLTIPPTAGILKRWGTI,0
TAMRAVDKLLLHLKKLFREGQFNRNFESIIICRDRT,0
QSPTDFTFPNPL,0
KLALQLALQALQAALQLA,0
CGRKKRAARQRAARAARPPQ,0
MIIFRAAASHKK,0
MRRIRPRPPRLPRPRPRPLPFPRPGGCYPG,0
CSIPPEVKFNKPFVYLI,0
KLALKAAAKAWKAAAKAA,0
YRFKYRFKYRLFK,0
PVMSMPCTDG,1
MDAQTRRRERRAEKQAQWKAANGC,0
CLAITLYDDKTPASDPTICTY,1
SMMRGVYSWFGCQWHNML,1
GIGWARCLMMHHANHCTKHAH,1
KFKYHAERVGINGKHEMITP,1
QSVPKRLATLRE,1
PKKKRKVALWKTLLKKVLKA,0
IAKCNGNRGYQGRV,1
GSPWGLQHHPPRT,0
GGAYVTRSSAVRLRSSVPGVRLLQ,0
EQTNMRKHMGM,1
SRRARRSPRESGKKRKRKR,0
FHMQRNWEGWERGAW,1
GQGFDDMMSICYIAMLC,1
AHALCLTERQIKIWFQNRRMKWKKEN,0
APWHLSSQYSRT,0
DYDVMLFFIWDYP,1
HHHHHHHHHHHHHHHHHHHHRRRRRRRRRRRRRRR,0
HILPWKWPWWPWRR,0
RLWMRWYSPWTRRWG,0
KRPTMRFRYTWNPMK,0
DLNWSYYTCAHEG,1
DGQVCKKEKQKSEDYEEN,1
TYIMPMEDKTTCCGPM,1
ESPDKYEGFILGMK,1
GWWIHGQGSYVPCIT,1
FFLIPKGRRRRRRRRGC,0
DRRRRGSRPSGAERRRRRAAAA,0
KKKKKKGGFLGFWRGENGRKTRSAYERMCILKGK,0
PWGYIHHPVIFGFFSLDAEFRTFPKC,1
RLWMRWYSPTTARYG,0
RRRRRRRRRRRTYADFIASGRTGRRNAI,0
VLGQSGYLMPMR,0
LPRVMCCPGVSLMRFMQ,1
RQIKIWFQNRRMKWKKRQIKIWFQNRRMKWK,0
AAVALLPAVLLALLAPVQRKRQKLMP,0
KKAAQIRSQVMTHLRVI,0
RRRRNRTRRNRRRVRGC,0
GRPRESGKKRKRKRLKP,0
LILILILILILILILIKRKKRKKRKKRKKRAKRAKHSK,0
IFPTRWDDRLGME,1
MCFYMEDQVCNTCVQTVEG,1
GLWWRLWWRLRSWFRLWFRA,0
ALWKTLLKKVLKAPKKKRKV,0
MCVNSDVNQWIDLRPPAMS,1
DKSFLVDFNKNFLHEDFPWKQMGGTFMSHLR,1
AAVALLPAVLLALLAVTDQLGEDFFAVDLEAFLQEFGLLPEKE,0
HSDGIFTDSYSRYRKQMAVKKYLAAVLGKRYKQRVKNK,0
GSRHPSLIIPRQ,0
YQDIRGPTKMEITNNCHLHKCSPKTH,1
HQCANHKKKIMMWSQKLNDLHRYDLWGGICSDAMMQLSP,1
TAKTRYKARRAELIAERRGC,0
NDSRHCRLLEGGLNEVNAQTVFQLQFFNYRNE,1
RGPRRQPRRHRRPRR,0
WEAKLAKALAKALAKHLAKALAKALKACEA,0
ARRRRCSGSGSGCGSGSGSCGRRRR,0
MVKSKIGSWILVLFVAMWSDVGLCKKRPKP,0
FWSAFYVNLVQLCWKLGNEWATEA,1
YKALRISRKLAK,0
KALKLKLALALLAKLKLA,0
GLKKLARLFHKLLKLGC,0
CSSLDEPGRGGFSSESKV,0
KGPVIWSNVFPRQYWCGFEIRSGMQQNPWLIFCEDKTG,1
PKKKRKVRRRRRRRPQMQQNVFQYPGAGMVPQGEANF,0
WLKLLKKWLKLWKKLLKLW,0
QPIIITSPYLPS,0
MKWNTYPIFP,1
KIAAKSIAKIWKSILKIA,0
KLWMRWWSPTTRRYG,0
NFHKCTCKVKSIANTAEEVRIP,1
YAFYPWQWGCRDCQQS,1
LLHILRRSIRKQAHAIRK,0
AYIFHPRKRPKENWMVAHDRDC,1
KCWIEEYFALKQPE,1
RGRGRGRGRGPEGPLA,0
YSHIATLPFTPT,0
CGRKKRLLRQRLLRLLRPPQ,0
KQDLKVMGHPQESFNVF,1
KWFKIQMQIRRWKNKR,0
RHDGIYQCGYRGNNDLSIYQQVPQPIWQRWKIA,1
FLIQMYMHSGLHDM,1
SMLKRNHSTSNR,0
RGLETIFHWY,1
HIQLSPFSQSWR,0
RLALRLALRALRAALRLA,0
PQNRLQIRRHSK,0
FAKDLPDWALEGW,1
PRRTNPDRDNKQPGWPGL,1
FAPWDTASFMLG,0
YYYAAGRKRKKRT,0
NTWVNKEVPWELKMN,1
KPRSKNPPKKPK,0
NALDVKVQTWVLLNDFN,1
HRLRHALAHLLHKLKHLLHALAHRLRH,0
LKKLCKLLKKLCKLAG,0
QNMRNLKGFMCDEGEKFAADPTQSQCHDLTYFML,1
RGKNENCITNPPDQRLHCLYKIMYSLVGWDLAK,1
KHHWHHVRLPPPVRLPPPGNHHHHHH,0
LGMNIPNIKTFEKARCMQ,1
MANLGYWLLALFVTMWTDVGLCKKRPKP,0
NMTPHVLMRLLDF,1
NKRILIRIMTRP,0
ATHTDKWFIAWWKLKGLL,1
AWMQLACFADVDTRHGYMHLMEWDDVYHY,1
RKKRRRESRRARRSPRHL,0
PCELHIVEGCFGNDM,1
GLWWKAWWKAWWKSLWWRKRKRKA,0
RRARRPRRLRPAPGR,0
YKQCHKKGGHCFPKEKICLPPSSDFGKMDCRWRWKCCKKGSG,0
DTSQHFHWPSQTCFHGYEWNAVYVEQWHPPI,1
DAATARGRGRSAASRPTERPRAPARSASRPRRPVD,0
HKHLNSYPQDRGFRYNCKSC,1
RLSGMNEVLSFRWL,0
GGGGRRWWRRWRR,0
HEHEHEHEHEHEHEHEHEHEHEHEEFGGGGGYGRGRGRGRGRGRG,0
FSGQFEKYYVPHVVE,1
YTIGTAPISYDG,1
KQMTASMTRFEVCNVANQ,1
LDITPFLSLTLP,0
LALALALALALALALAKKLKKLKKLKKLKKLKKLKYAK,0
ACSHSGHGCGHGSHSCGRRRRRRRR,0
LLETLLKPFQCRICMRNFSTRQARRNHRRRHRR,0
SQWIIMQVLTACTVTHAWPIRG,1
TVDNPASTTNKDKLFAVRK,0
NNNAAGRKRKKRT,0
PKKKRKVRRRRRRRYSQTSHKLVQLLTTAEQQ,0
GSGKKGGKKHCQKY,0
DRDDRDDRDDRDDRDDR,0
ILDICDHHGWNCYQKAYGDTIFPKEGAETPCWLK,1
CWKKKKKKKKKKKKKKKKKK,0
FLKLLKKFLKLFKKLLKLF,0
LATRPEKQKDPEFDKE,1
FTYKNFFWLPEL,0
DPVDTPNPTRRKPGK,0
NAKTRRHERRRKLAIERGC,0
SNRNEIIMNSAHKTHVDCRWEQK,1
GQEGFIWLVN,1
EYTMDFARIWWEYR,1
CRRLRHLRHHYRRRWHRFRC,0
VTMSTEEFFYDADTNTKLLPDWESLSHPSYIMY,1
CGRKKRWWRQRWWRWWRPPQ,0
YYFCMEEWQLERSLMWWNYKPLNKNMRN,1
RRRRRRRQIKILFQNRRMKWKKGGC,0
RRWRRWNRFNRRRCR,0
SQNTYSFTYD,1
WPRPYPECHPSLTK,1
NQRRCSVSVQLCMYYTLV,1
RLYMRYYSPTTRRYG,0
GYGNCRHFKQKPRRD,0
NHKSLWSHDTQMCLDDTL,1
PYFMNKERWCVI,1
DIEECESCRKLDHP,1
RDINNLPWNEVQQYN,1
KSVIRYSLANHPAIRRD,1
VIRVHFRLPVRTV,0
RQARRNRRRALWKTLLKKVLKA,0
GRKKRRQRRRPPQGRKKRRQRRRPPQGRKKRRQRRRPPQ,0
DSLKSYWYLQKFSWR,0
HSMNGLLNWSDGYNLKM,1
YGDLQNGFMLFCKIWELDWVAGSAFYQD,1
WMSYRWGRKDQPQKWEFNPENMPYFNGDKWSSMEPENW,1
RGDGPRRRPRKRRGR,0
GGVCPKILKKCRRDSDCPGACICRGNGYCGSGSD,0
WCPSDMMPAVYVNEGHESKDKNQQMCKAMWNSET,1
GRKKRRQRRRPPQTYADFIASGRTGRRNAI,0
RQIKIWFQNRRMKWKKDIMGEWGNEIFGAIAGFLG,0
YHARAFGSVKEAINYQLYAFRPRKEIFMCGN,1
GAVESAAAQPVSTIV,1
CHHEFRNVWVFLGEMPFILKGQWL,1
RRRQRRKKRGYCKCKYGRKKRRQRRR,0
FSLHRYMAWFCPWTGAWLMLD,1
ACSGRGSGCGSGRGSCG,0
ADWHDVKNPRLMLPDFGAHGEYFTVKNGH,1
HDPFLAYCGPRNRL,1
SSCHRTMFTITLVDGWHQ,1
GRRRCVFPHEKYAIGGLYCNNKSGDVGGPI,1
NLELAQGDDAQQVNAFHCNKCRHGVHGHIVIIVNIILE,1
CASGQQGLLKLC,0
RLRLRLRLRLRLRLRLKRLKRLKRLKRLKKKKKKKGYK,0
MMWWGNHWCICNF,1
KDAQEGQEMSKKY,1
VRVQMCSRMRHNHIGHERY,1
GLLEALAELLEGLRKRLRKFRNKIKEK,0
SSSIFPPWLSFF,0
ELMRYSEDYAWQNFDH,1
IKFTVVAVYTLHGE,1
CELAGIGILTVKKKKKQKKK,0
LWFQMGRNDATDWIRN,1
HYYQSMKDIIAMMITLDKPHIGARN,1
QGVTYCYTWHGDFRNPCLFC,1
RIKAERKRMRNRIAASKSRKRKLERIARGC,0
CVMFLSFTMHLMFGSCLEWWVNL,1
NHQQQNPHQPPMLLIILRRRIRKQAHAHSK,0
PIRRRKKLRRLK,0
MSAWVLTQWQIDLCGQEIS,1
LIPFDFVRCLNLSYKTKAYDYPM,1
IIQFCNCSMIKSRPWFCEKNSLDPPYS,1
AEAEAEAEAKAKAKAKAGGGHRRRRRRR,0
PWTEDQIVKAMMFFN,1
QDRYGNMFETIW,1
KPRADLTCWEHWVAKKFLC,1
EKRPRTAFSSEQLARLKREFNENRYLTTERRRQQLSSELGLNEAQIKIWFQNKRAKIKKST,0
